[{"pk": 1, "model": "lizard_esf.configurationtype", "fields": {"name": "main"}}, {"pk": 2, "model": "lizard_esf.configurationtype", "fields": {"name": "supportive"}}, {"pk": 3, "model": "lizard_esf.configurationtype", "fields": {"name": "calculation"}}, {"pk": 4, "model": "lizard_esf.configurationtype", "fields": {"name": "parameter"}}, {"pk": 1, "model": "lizard_esf.valuetype", "fields": {"name": "boolean"}}, {"pk": 2, "model": "lizard_esf.valuetype", "fields": {"name": "integer"}}, {"pk": 3, "model": "lizard_esf.valuetype", "fields": {"name": "float"}}, {"pk": 4, "model": "lizard_esf.valuetype", "fields": {"name": "oordeel"}}, {"pk": 1, "model": "lizard_esf.dbffile", "fields": {"name": "esf1"}}, {"pk": 1, "model": "lizard_esf.configuration", "fields": {"dbf_valuefield_length": null, "default_parameter_code_manual_fews": "NNT1", "code": "esf1", "source_name": "esf", "name": "ESF 1: belasting", "manual": true, "numchild": 2, "expanded": true, "timeserie_ref_status": "", "dbf_valuefield_type": "C", "dbf_index": null, "depth": 1, "value_type": 4, "dbf_file": null, "configuration_type": 1, "path": "0001", "dbf_valuefield_decimals": null, "dbf_valuefield_name": "", "dbf_manualfield_name": ""}}, {"pk": 4, "model": "lizard_esf.configuration", "fields": {"dbf_valuefield_length": null, "default_parameter_code_manual_fews": "NN11", "code": "esf1.1", "source_name": "esf", "name": "Hoofd - Kritische belasting", "manual": false, "numchild": 0, "expanded": false, "timeserie_ref_status": "", "dbf_valuefield_type": "C", "dbf_index": null, "depth": 2, "value_type": 4, "dbf_file": null, "configuration_type": 1, "path": "00010001", "dbf_valuefield_decimals": null, "dbf_valuefield_name": "", "dbf_manualfield_name": ""}}, {"pk": 3, "model": "lizard_esf.configuration", "fields": {"dbf_valuefield_length": null, "default_parameter_code_manual_fews": "a", "code": "esf1.1.1", "source_name": "-", "name": "Algemeen", "manual": false, "numchild": 0, "expanded": false, "timeserie_ref_status": "", "dbf_valuefield_type": "C", "dbf_index": null, "depth": 3, "value_type": 1, "dbf_file": null, "configuration_type": 2, "path": "000100010001", "dbf_valuefield_decimals": null, "dbf_valuefield_name": "", "dbf_manualfield_name": ""}}, {"pk": 15, "model": "lizard_esf.configuration", "fields": {"dbf_valuefield_length": null, "default_parameter_code_manual_fews": "a", "code": "a", "source_name": "-", "name": "Gebruik PC lake", "manual": false, "numchild": 0, "expanded": false, "timeserie_ref_status": "", "dbf_valuefield_type": "C", "dbf_index": null, "depth": 4, "value_type": 1, "dbf_file": null, "configuration_type": 4, "path": "0001000100010001", "dbf_valuefield_decimals": null, "dbf_valuefield_name": "", "dbf_manualfield_name": ""}}, {"pk": 14, "model": "lizard_esf.configuration", "fields": {"dbf_valuefield_length": null, "default_parameter_code_manual_fews": "a", "code": "a", "source_name": "-", "name": "Gemiddelde zomer toepassen", "manual": false, "numchild": 0, "expanded": false, "timeserie_ref_status": "", "dbf_valuefield_type": "C", "dbf_index": null, "depth": 4, "value_type": 1, "dbf_file": null, "configuration_type": 4, "path": "0001000100010002", "dbf_valuefield_decimals": null, "dbf_valuefield_name": "", "dbf_manualfield_name": ""}}, {"pk": 6, "model": "lizard_esf.configuration", "fields": {"dbf_valuefield_length": null, "default_parameter_code_manual_fews": "P.belasting.kritisch", "code": "esf1.1.2", "source_name": "esf", "name": "P-Belasting kritisch", "manual": true, "numchild": 0, "expanded": false, "timeserie_ref_status": "", "dbf_valuefield_type": "C", "dbf_index": null, "depth": 3, "value_type": 4, "dbf_file": null, "configuration_type": 1, "path": "000100010002", "dbf_valuefield_decimals": null, "dbf_valuefield_name": "", "dbf_manualfield_name": ""}}, {"pk": 16, "model": "lizard_esf.configuration", "fields": {"dbf_valuefield_length": null, "default_parameter_code_manual_fews": "P.belasting.kritisch", "code": "a", "source_name": "esf", "name": "Kritische P belasting", "manual": false, "numchild": 0, "expanded": false, "timeserie_ref_status": "", "dbf_valuefield_type": "C", "dbf_index": null, "depth": 4, "value_type": 3, "dbf_file": null, "configuration_type": 3, "path": "0001000100020001", "dbf_valuefield_decimals": null, "dbf_valuefield_name": "", "dbf_manualfield_name": ""}}, {"pk": 17, "model": "lizard_esf.configuration", "fields": {"dbf_valuefield_length": null, "default_parameter_code_manual_fews": "P.belasting", "code": "a", "source_name": "stoffenbalans", "name": "P-belasting", "manual": false, "numchild": 0, "expanded": false, "timeserie_ref_status": "", "dbf_valuefield_type": "C", "dbf_index": null, "depth": 4, "value_type": 3, "dbf_file": null, "configuration_type": 3, "path": "0001000100020002", "dbf_valuefield_decimals": null, "dbf_valuefield_name": "", "dbf_manualfield_name": ""}}, {"pk": 7, "model": "lizard_esf.configuration", "fields": {"dbf_valuefield_length": null, "default_parameter_code_manual_fews": "NN13", "code": "esf1.1.3", "source_name": "esf", "name": "N-Belasting kritisch", "manual": false, "numchild": 0, "expanded": false, "timeserie_ref_status": "", "dbf_valuefield_type": "C", "dbf_index": null, "depth": 3, "value_type": 4, "dbf_file": null, "configuration_type": 2, "path": "000100010003", "dbf_valuefield_decimals": null, "dbf_valuefield_name": "", "dbf_manualfield_name": ""}}, {"pk": 19, "model": "lizard_esf.configuration", "fields": {"dbf_valuefield_length": null, "default_parameter_code_manual_fews": "N.belasting.kritisch", "code": "a", "source_name": "esf", "name": "Kritische N belasting", "manual": false, "numchild": 0, "expanded": false, "timeserie_ref_status": "", "dbf_valuefield_type": "C", "dbf_index": null, "depth": 4, "value_type": 3, "dbf_file": null, "configuration_type": 3, "path": "0001000100030001", "dbf_valuefield_decimals": null, "dbf_valuefield_name": "", "dbf_manualfield_name": ""}}, {"pk": 18, "model": "lizard_esf.configuration", "fields": {"dbf_valuefield_length": null, "default_parameter_code_manual_fews": "N.belasting", "code": "a", "source_name": "stoffenbalans", "name": "N belasting", "manual": false, "numchild": 0, "expanded": false, "timeserie_ref_status": "", "dbf_valuefield_type": "C", "dbf_index": null, "depth": 4, "value_type": 3, "dbf_file": null, "configuration_type": 3, "path": "0001000100030002", "dbf_valuefield_decimals": null, "dbf_valuefield_name": "", "dbf_manualfield_name": ""}}, {"pk": 8, "model": "lizard_esf.configuration", "fields": {"dbf_valuefield_length": null, "default_parameter_code_manual_fews": "NP.Ratio", "code": "esf1.1.4", "source_name": "esf", "name": "NP-ratio", "manual": false, "numchild": 0, "expanded": false, "timeserie_ref_status": "", "dbf_valuefield_type": "C", "dbf_index": null, "depth": 3, "value_type": 3, "dbf_file": null, "configuration_type": 3, "path": "000100010004", "dbf_valuefield_decimals": null, "dbf_valuefield_name": "", "dbf_manualfield_name": ""}}, {"pk": 9, "model": "lizard_esf.configuration", "fields": {"dbf_valuefield_length": null, "default_parameter_code_manual_fews": "Verblijftijd", "code": "esf1.1.5", "source_name": "formule", "name": "Verblijftijd", "manual": false, "numchild": 0, "expanded": false, "timeserie_ref_status": "", "dbf_valuefield_type": "C", "dbf_index": null, "depth": 3, "value_type": 3, "dbf_file": null, "configuration_type": 3, "path": "000100010005", "dbf_valuefield_decimals": null, "dbf_valuefield_name": "", "dbf_manualfield_name": ""}}, {"pk": 10, "model": "lizard_esf.configuration", "fields": {"dbf_valuefield_length": null, "default_parameter_code_manual_fews": "hydraulische.belasting", "code": "esf1.1.5.1", "source_name": "Waterbalans", "name": "Hydraulische belasting", "manual": false, "numchild": 0, "expanded": false, "timeserie_ref_status": "", "dbf_valuefield_type": "C", "dbf_index": null, "depth": 4, "value_type": 2, "dbf_file": null, "configuration_type": 3, "path": "0001000100050001", "dbf_valuefield_decimals": null, "dbf_valuefield_name": "", "dbf_manualfield_name": ""}}, {"pk": 11, "model": "lizard_esf.configuration", "fields": {"dbf_valuefield_length": 8, "default_parameter_code_manual_fews": "", "code": "esf1.1.5.2", "source_name": "invoer", "name": "Gemiddelde diepte", "manual": false, "numchild": 0, "expanded": false, "timeserie_ref_status": "", "dbf_valuefield_type": "N", "dbf_index": 100, "depth": 4, "value_type": 3, "dbf_file": 1, "configuration_type": 4, "path": "0001000100050002", "dbf_valuefield_decimals": 2, "dbf_valuefield_name": "DIEPTE_EV", "dbf_manualfield_name": "DIEPTE_OR"}}, {"pk": 12, "model": "lizard_esf.configuration", "fields": {"dbf_valuefield_length": null, "default_parameter_code_manual_fews": "NN12", "code": "esf1.2", "source_name": "esf", "name": "Ondersteunend - P-concentratie versus norm", "manual": false, "numchild": 0, "expanded": false, "timeserie_ref_status": "", "dbf_valuefield_type": "C", "dbf_index": null, "depth": 2, "value_type": 4, "dbf_file": null, "configuration_type": 2, "path": "00010002", "dbf_valuefield_decimals": null, "dbf_valuefield_name": "", "dbf_manualfield_name": ""}}, {"pk": 13, "model": "lizard_esf.configuration", "fields": {"dbf_valuefield_length": null, "default_parameter_code_manual_fews": "P.Score.AqMad", "code": "esf1.3", "source_name": "esf", "name": "Ondersteunend - P-Knelpunt AqMad", "manual": false, "numchild": 0, "expanded": false, "timeserie_ref_status": "", "dbf_valuefield_type": "C", "dbf_index": null, "depth": 2, "value_type": 4, "dbf_file": null, "configuration_type": 2, "path": "00010003", "dbf_valuefield_decimals": null, "dbf_valuefield_name": "", "dbf_manualfield_name": ""}}, {"pk": 2, "model": "lizard_esf.configuration", "fields": {"dbf_valuefield_length": null, "default_parameter_code_manual_fews": "NNT2", "code": "esf2", "source_name": "esf", "name": "ESF 2: Licht", "manual": true, "numchild": 1, "expanded": false, "timeserie_ref_status": "", "dbf_valuefield_type": "C", "dbf_index": null, "depth": 0, "value_type": 4, "dbf_file": null, "configuration_type": 1, "path": "0002", "dbf_valuefield_decimals": null, "dbf_valuefield_name": "", "dbf_manualfield_name": ""}}, {"pk": 26, "model": "lizard_esf.configuration", "fields": {"dbf_valuefield_length": null, "default_parameter_code_manual_fews": "E", "code": "esf3.1", "source_name": "esf", "name": "Extinctie", "manual": true, "numchild": 0, "expanded": false, "timeserie_ref_status": "", "dbf_valuefield_type": "C", "dbf_index": null, "depth": 1, "value_type": 4, "dbf_file": null, "configuration_type": 1, "path": "00020001", "dbf_valuefield_decimals": null, "dbf_valuefield_name": "", "dbf_manualfield_name": ""}}, {"pk": 27, "model": "lizard_esf.configuration", "fields": {"dbf_valuefield_length": null, "default_parameter_code_manual_fews": "a", "code": "esf3.2", "source_name": "esf", "name": "Doorzicht meting", "manual": false, "numchild": 0, "expanded": false, "timeserie_ref_status": "", "dbf_valuefield_type": "C", "dbf_index": null, "depth": 1, "value_type": 4, "dbf_file": null, "configuration_type": 2, "path": "00020002", "dbf_valuefield_decimals": null, "dbf_valuefield_name": "", "dbf_manualfield_name": ""}}, {"pk": 5, "model": "lizard_esf.configuration", "fields": {"dbf_valuefield_length": null, "default_parameter_code_manual_fews": "aa", "code": "esf3", "source_name": "esf", "name": "ESF 3: Productie", "manual": true, "numchild": 0, "expanded": false, "timeserie_ref_status": "", "dbf_valuefield_type": "C", "dbf_index": null, "depth": 0, "value_type": 4, "dbf_file": null, "configuration_type": 1, "path": "0003", "dbf_valuefield_decimals": null, "dbf_valuefield_name": "", "dbf_manualfield_name": ""}}, {"pk": 33, "model": "lizard_esf.configuration", "fields": {"dbf_valuefield_length": null, "default_parameter_code_manual_fews": "a", "code": "aa", "source_name": "esf", "name": "P en PO4 totaal tov norm", "manual": false, "numchild": 0, "expanded": false, "timeserie_ref_status": "", "dbf_valuefield_type": "C", "dbf_index": null, "depth": 1, "value_type": 4, "dbf_file": null, "configuration_type": 3, "path": "00030001", "dbf_valuefield_decimals": null, "dbf_valuefield_name": "", "dbf_manualfield_name": ""}}, {"pk": 28, "model": "lizard_esf.configuration", "fields": {"dbf_valuefield_length": null, "default_parameter_code_manual_fews": "a", "code": "esf3.1.1", "source_name": "instelling", "name": "Organisch stofgehalte bodem", "manual": true, "numchild": 0, "expanded": false, "timeserie_ref_status": "", "dbf_valuefield_type": "C", "dbf_index": null, "depth": 2, "value_type": 2, "dbf_file": null, "configuration_type": 4, "path": "000300010001", "dbf_valuefield_decimals": null, "dbf_valuefield_name": "", "dbf_manualfield_name": ""}}, {"pk": 29, "model": "lizard_esf.configuration", "fields": {"dbf_valuefield_length": null, "default_parameter_code_manual_fews": "a", "code": "esf3.1.1", "source_name": "instelling", "name": "SO4 belasting", "manual": true, "numchild": 0, "expanded": false, "timeserie_ref_status": "", "dbf_valuefield_type": "C", "dbf_index": null, "depth": 2, "value_type": 3, "dbf_file": null, "configuration_type": 4, "path": "000300010002", "dbf_valuefield_decimals": null, "dbf_valuefield_name": "", "dbf_manualfield_name": ""}}, {"pk": 30, "model": "lizard_esf.configuration", "fields": {"dbf_valuefield_length": null, "default_parameter_code_manual_fews": "a", "code": "esf3.1.2", "source_name": "instelling", "name": "P-totaal bodem", "manual": true, "numchild": 0, "expanded": false, "timeserie_ref_status": "", "dbf_valuefield_type": "C", "dbf_index": null, "depth": 2, "value_type": 3, "dbf_file": null, "configuration_type": 4, "path": "000300010003", "dbf_valuefield_decimals": null, "dbf_valuefield_name": "", "dbf_manualfield_name": ""}}, {"pk": 31, "model": "lizard_esf.configuration", "fields": {"dbf_valuefield_length": null, "default_parameter_code_manual_fews": "a", "code": "a", "source_name": "instelling", "name": "PO4 bodemvocht", "manual": true, "numchild": 0, "expanded": false, "timeserie_ref_status": "", "dbf_valuefield_type": "C", "dbf_index": null, "depth": 2, "value_type": 3, "dbf_file": null, "configuration_type": 4, "path": "000300010004", "dbf_valuefield_decimals": null, "dbf_valuefield_name": "", "dbf_manualfield_name": ""}}, {"pk": 32, "model": "lizard_esf.configuration", "fields": {"dbf_valuefield_length": null, "default_parameter_code_manual_fews": "a", "code": "a", "source_name": "instelling", "name": "Norm locaties die voldoen", "manual": true, "numchild": 0, "expanded": false, "timeserie_ref_status": "", "dbf_valuefield_type": "C", "dbf_index": null, "depth": 2, "value_type": 2, "dbf_file": null, "configuration_type": 4, "path": "000300010005", "dbf_valuefield_decimals": null, "dbf_valuefield_name": "", "dbf_manualfield_name": ""}}, {"pk": 20, "model": "lizard_esf.configuration", "fields": {"dbf_valuefield_length": null, "default_parameter_code_manual_fews": "a", "code": "esf4", "source_name": "oordeel", "name": "ESF 4: Habitat", "manual": true, "numchild": 0, "expanded": false, "timeserie_ref_status": "", "dbf_valuefield_type": "C", "dbf_index": null, "depth": 0, "value_type": 4, "dbf_file": null, "configuration_type": 1, "path": "0004", "dbf_valuefield_decimals": null, "dbf_valuefield_name": "", "dbf_manualfield_name": ""}}, {"pk": 21, "model": "lizard_esf.configuration", "fields": {"dbf_valuefield_length": null, "default_parameter_code_manual_fews": "a", "code": "esf5", "source_name": "oordeel", "name": "ESF 5: verspreiding", "manual": true, "numchild": 0, "expanded": false, "timeserie_ref_status": "", "dbf_valuefield_type": "C", "dbf_index": null, "depth": 0, "value_type": 4, "dbf_file": null, "configuration_type": 1, "path": "0005", "dbf_valuefield_decimals": null, "dbf_valuefield_name": "", "dbf_manualfield_name": ""}}, {"pk": 22, "model": "lizard_esf.configuration", "fields": {"dbf_valuefield_length": null, "default_parameter_code_manual_fews": "a", "code": "esf6", "source_name": "oordeel", "name": "ESF 6: Verwijdering", "manual": true, "numchild": 0, "expanded": false, "timeserie_ref_status": "", "dbf_valuefield_type": "C", "dbf_index": null, "depth": 0, "value_type": 4, "dbf_file": null, "configuration_type": 1, "path": "0006", "dbf_valuefield_decimals": null, "dbf_valuefield_name": "", "dbf_manualfield_name": ""}}, {"pk": 23, "model": "lizard_esf.configuration", "fields": {"dbf_valuefield_length": null, "default_parameter_code_manual_fews": "a", "code": "esf7", "source_name": "oordeel", "name": "ESF 7: Organische belasting", "manual": true, "numchild": 0, "expanded": false, "timeserie_ref_status": "", "dbf_valuefield_type": "C", "dbf_index": null, "depth": 0, "value_type": 4, "dbf_file": null, "configuration_type": 1, "path": "0007", "dbf_valuefield_decimals": null, "dbf_valuefield_name": "", "dbf_manualfield_name": ""}}, {"pk": 24, "model": "lizard_esf.configuration", "fields": {"dbf_valuefield_length": null, "default_parameter_code_manual_fews": "a", "code": "esf8", "source_name": "oordeel", "name": "ESF 8: Toxiteit", "manual": true, "numchild": 0, "expanded": false, "timeserie_ref_status": "", "dbf_valuefield_type": "C", "dbf_index": null, "depth": 0, "value_type": 4, "dbf_file": null, "configuration_type": 1, "path": "0008", "dbf_valuefield_decimals": null, "dbf_valuefield_name": "", "dbf_manualfield_name": ""}}, {"pk": 25, "model": "lizard_esf.configuration", "fields": {"dbf_valuefield_length": null, "default_parameter_code_manual_fews": "a", "code": "esf9", "source_name": "oordeel", "name": "ESF 9: Beleving", "manual": true, "numchild": 0, "expanded": false, "timeserie_ref_status": "", "dbf_valuefield_type": "C", "dbf_index": null, "depth": 0, "value_type": 4, "dbf_file": null, "configuration_type": 1, "path": "0009", "dbf_valuefield_decimals": null, "dbf_valuefield_name": "", "dbf_manualfield_name": ""}}, {"pk": 9469, "model": "lizard_esf.areaconfiguration", "fields": {"comment": "-", "last_edit_by": "-", "area": 347, "manual": 0, "manual_value": null, "last_comment": "-", "configuration": 33, "last_edit_date": "2012-01-31 23:10:03"}}, {"pk": 9470, "model": "lizard_esf.areaconfiguration", "fields": {"comment": "-", "last_edit_by": "-", "area": 354, "manual": 0, "manual_value": null, "last_comment": "-", "configuration": 1, "last_edit_date": "2012-01-31 23:17:30"}}, {"pk": 9471, "model": "lizard_esf.areaconfiguration", "fields": {"comment": "-", "last_edit_by": "-", "area": 354, "manual": 0, "manual_value": null, "last_comment": "-", "configuration": 4, "last_edit_date": "2012-01-31 23:17:30"}}, {"pk": 9472, "model": "lizard_esf.areaconfiguration", "fields": {"comment": "-", "last_edit_by": "-", "area": 354, "manual": 0, "manual_value": null, "last_comment": "-", "configuration": 3, "last_edit_date": "2012-01-31 23:17:31"}}, {"pk": 9473, "model": "lizard_esf.areaconfiguration", "fields": {"comment": "-", "last_edit_by": "-", "area": 354, "manual": 0, "manual_value": null, "last_comment": "-", "configuration": 15, "last_edit_date": "2012-01-31 23:17:31"}}, {"pk": 9474, "model": "lizard_esf.areaconfiguration", "fields": {"comment": "-", "last_edit_by": "-", "area": 354, "manual": 0, "manual_value": null, "last_comment": "-", "configuration": 14, "last_edit_date": "2012-01-31 23:17:31"}}, {"pk": 9475, "model": "lizard_esf.areaconfiguration", "fields": {"comment": "-", "last_edit_by": "-", "area": 354, "manual": 0, "manual_value": null, "last_comment": "-", "configuration": 6, "last_edit_date": "2012-01-31 23:17:31"}}, {"pk": 9476, "model": "lizard_esf.areaconfiguration", "fields": {"comment": "-", "last_edit_by": "-", "area": 354, "manual": 0, "manual_value": null, "last_comment": "-", "configuration": 16, "last_edit_date": "2012-01-31 23:17:32"}}, {"pk": 9477, "model": "lizard_esf.areaconfiguration", "fields": {"comment": "-", "last_edit_by": "-", "area": 354, "manual": 0, "manual_value": null, "last_comment": "-", "configuration": 17, "last_edit_date": "2012-01-31 23:17:32"}}, {"pk": 9478, "model": "lizard_esf.areaconfiguration", "fields": {"comment": "-", "last_edit_by": "-", "area": 354, "manual": 0, "manual_value": null, "last_comment": "-", "configuration": 7, "last_edit_date": "2012-01-31 23:17:32"}}, {"pk": 9479, "model": "lizard_esf.areaconfiguration", "fields": {"comment": "-", "last_edit_by": "-", "area": 354, "manual": 0, "manual_value": null, "last_comment": "-", "configuration": 19, "last_edit_date": "2012-01-31 23:17:32"}}, {"pk": 9480, "model": "lizard_esf.areaconfiguration", "fields": {"comment": "-", "last_edit_by": "-", "area": 354, "manual": 0, "manual_value": null, "last_comment": "-", "configuration": 18, "last_edit_date": "2012-01-31 23:17:32"}}, {"pk": 9481, "model": "lizard_esf.areaconfiguration", "fields": {"comment": "-", "last_edit_by": "-", "area": 354, "manual": 0, "manual_value": null, "last_comment": "-", "configuration": 8, "last_edit_date": "2012-01-31 23:17:32"}}, {"pk": 9482, "model": "lizard_esf.areaconfiguration", "fields": {"comment": "-", "last_edit_by": "-", "area": 354, "manual": 0, "manual_value": null, "last_comment": "-", "configuration": 9, "last_edit_date": "2012-01-31 23:17:33"}}, {"pk": 9483, "model": "lizard_esf.areaconfiguration", "fields": {"comment": "-", "last_edit_by": "-", "area": 354, "manual": 0, "manual_value": null, "last_comment": "-", "configuration": 10, "last_edit_date": "2012-01-31 23:17:33"}}, {"pk": 9484, "model": "lizard_esf.areaconfiguration", "fields": {"comment": "-", "last_edit_by": "-", "area": 354, "manual": 0, "manual_value": null, "last_comment": "-", "configuration": 11, "last_edit_date": "2012-01-31 23:17:33"}}, {"pk": 9485, "model": "lizard_esf.areaconfiguration", "fields": {"comment": "-", "last_edit_by": "-", "area": 354, "manual": 0, "manual_value": null, "last_comment": "-", "configuration": 12, "last_edit_date": "2012-01-31 23:17:33"}}, {"pk": 9486, "model": "lizard_esf.areaconfiguration", "fields": {"comment": "-", "last_edit_by": "-", "area": 354, "manual": 0, "manual_value": null, "last_comment": "-", "configuration": 13, "last_edit_date": "2012-01-31 23:17:33"}}, {"pk": 9487, "model": "lizard_esf.areaconfiguration", "fields": {"comment": "-", "last_edit_by": "-", "area": 354, "manual": 0, "manual_value": null, "last_comment": "-", "configuration": 2, "last_edit_date": "2012-01-31 23:17:33"}}, {"pk": 9488, "model": "lizard_esf.areaconfiguration", "fields": {"comment": "-", "last_edit_by": "-", "area": 354, "manual": 0, "manual_value": null, "last_comment": "-", "configuration": 26, "last_edit_date": "2012-01-31 23:17:33"}}, {"pk": 9489, "model": "lizard_esf.areaconfiguration", "fields": {"comment": "-", "last_edit_by": "-", "area": 354, "manual": 0, "manual_value": null, "last_comment": "-", "configuration": 27, "last_edit_date": "2012-01-31 23:17:34"}}, {"pk": 9490, "model": "lizard_esf.areaconfiguration", "fields": {"comment": "-", "last_edit_by": "-", "area": 354, "manual": 0, "manual_value": null, "last_comment": "-", "configuration": 5, "last_edit_date": "2012-01-31 23:17:34"}}, {"pk": 9491, "model": "lizard_esf.areaconfiguration", "fields": {"comment": "-", "last_edit_by": "-", "area": 354, "manual": 0, "manual_value": null, "last_comment": "-", "configuration": 33, "last_edit_date": "2012-01-31 23:17:34"}}, {"pk": 9492, "model": "lizard_esf.areaconfiguration", "fields": {"comment": "-", "last_edit_by": "-", "area": 354, "manual": 0, "manual_value": null, "last_comment": "-", "configuration": 28, "last_edit_date": "2012-01-31 23:17:34"}}, {"pk": 9493, "model": "lizard_esf.areaconfiguration", "fields": {"comment": "-", "last_edit_by": "-", "area": 354, "manual": 0, "manual_value": null, "last_comment": "-", "configuration": 29, "last_edit_date": "2012-01-31 23:17:34"}}, {"pk": 9494, "model": "lizard_esf.areaconfiguration", "fields": {"comment": "-", "last_edit_by": "-", "area": 354, "manual": 0, "manual_value": null, "last_comment": "-", "configuration": 30, "last_edit_date": "2012-01-31 23:17:34"}}, {"pk": 9495, "model": "lizard_esf.areaconfiguration", "fields": {"comment": "-", "last_edit_by": "-", "area": 354, "manual": 0, "manual_value": null, "last_comment": "-", "configuration": 31, "last_edit_date": "2012-01-31 23:17:34"}}, {"pk": 9496, "model": "lizard_esf.areaconfiguration", "fields": {"comment": "-", "last_edit_by": "-", "area": 354, "manual": 0, "manual_value": null, "last_comment": "-", "configuration": 32, "last_edit_date": "2012-01-31 23:17:35"}}, {"pk": 9497, "model": "lizard_esf.areaconfiguration", "fields": {"comment": "-", "last_edit_by": "-", "area": 354, "manual": 0, "manual_value": null, "last_comment": "-", "configuration": 20, "last_edit_date": "2012-01-31 23:17:35"}}, {"pk": 9498, "model": "lizard_esf.areaconfiguration", "fields": {"comment": "-", "last_edit_by": "-", "area": 354, "manual": 0, "manual_value": null, "last_comment": "-", "configuration": 21, "last_edit_date": "2012-01-31 23:17:35"}}, {"pk": 9499, "model": "lizard_esf.areaconfiguration", "fields": {"comment": "-", "last_edit_by": "-", "area": 354, "manual": 0, "manual_value": null, "last_comment": "-", "configuration": 22, "last_edit_date": "2012-01-31 23:17:35"}}, {"pk": 9500, "model": "lizard_esf.areaconfiguration", "fields": {"comment": "-", "last_edit_by": "-", "area": 354, "manual": 0, "manual_value": null, "last_comment": "-", "configuration": 23, "last_edit_date": "2012-01-31 23:17:35"}}, {"pk": 9501, "model": "lizard_esf.areaconfiguration", "fields": {"comment": "-", "last_edit_by": "-", "area": 354, "manual": 0, "manual_value": null, "last_comment": "-", "configuration": 24, "last_edit_date": "2012-01-31 23:17:35"}}, {"pk": 9502, "model": "lizard_esf.areaconfiguration", "fields": {"comment": "-", "last_edit_by": "-", "area": 354, "manual": 0, "manual_value": null, "last_comment": "-", "configuration": 25, "last_edit_date": "2012-01-31 23:17:35"}}, {"pk": 9503, "model": "lizard_esf.areaconfiguration", "fields": {"comment": "-", "last_edit_by": "-", "area": 333, "manual": 0, "manual_value": null, "last_comment": "-", "configuration": 1, "last_edit_date": "2012-01-31 23:47:45"}}, {"pk": 9504, "model": "lizard_esf.areaconfiguration", "fields": {"comment": "-", "last_edit_by": "-", "area": 333, "manual": 0, "manual_value": null, "last_comment": "-", "configuration": 4, "last_edit_date": "2012-01-31 23:47:45"}}, {"pk": 9505, "model": "lizard_esf.areaconfiguration", "fields": {"comment": "-", "last_edit_by": "-", "area": 333, "manual": 0, "manual_value": null, "last_comment": "-", "configuration": 3, "last_edit_date": "2012-01-31 23:47:45"}}, {"pk": 9506, "model": "lizard_esf.areaconfiguration", "fields": {"comment": "-", "last_edit_by": "-", "area": 333, "manual": 0, "manual_value": null, "last_comment": "-", "configuration": 15, "last_edit_date": "2012-01-31 23:47:45"}}, {"pk": 9507, "model": "lizard_esf.areaconfiguration", "fields": {"comment": "-", "last_edit_by": "-", "area": 333, "manual": 0, "manual_value": null, "last_comment": "-", "configuration": 14, "last_edit_date": "2012-01-31 23:47:45"}}, {"pk": 9508, "model": "lizard_esf.areaconfiguration", "fields": {"comment": "-", "last_edit_by": "-", "area": 333, "manual": 0, "manual_value": null, "last_comment": "-", "configuration": 6, "last_edit_date": "2012-01-31 23:47:45"}}, {"pk": 9509, "model": "lizard_esf.areaconfiguration", "fields": {"comment": "-", "last_edit_by": "-", "area": 333, "manual": 0, "manual_value": null, "last_comment": "-", "configuration": 16, "last_edit_date": "2012-01-31 23:47:46"}}, {"pk": 9510, "model": "lizard_esf.areaconfiguration", "fields": {"comment": "-", "last_edit_by": "-", "area": 333, "manual": 0, "manual_value": null, "last_comment": "-", "configuration": 17, "last_edit_date": "2012-01-31 23:47:46"}}, {"pk": 9511, "model": "lizard_esf.areaconfiguration", "fields": {"comment": "-", "last_edit_by": "-", "area": 333, "manual": 0, "manual_value": null, "last_comment": "-", "configuration": 7, "last_edit_date": "2012-01-31 23:47:46"}}, {"pk": 9512, "model": "lizard_esf.areaconfiguration", "fields": {"comment": "-", "last_edit_by": "-", "area": 333, "manual": 0, "manual_value": null, "last_comment": "-", "configuration": 19, "last_edit_date": "2012-01-31 23:47:46"}}, {"pk": 9513, "model": "lizard_esf.areaconfiguration", "fields": {"comment": "-", "last_edit_by": "-", "area": 333, "manual": 0, "manual_value": null, "last_comment": "-", "configuration": 18, "last_edit_date": "2012-01-31 23:47:46"}}, {"pk": 9514, "model": "lizard_esf.areaconfiguration", "fields": {"comment": "-", "last_edit_by": "-", "area": 333, "manual": 0, "manual_value": null, "last_comment": "-", "configuration": 8, "last_edit_date": "2012-01-31 23:47:46"}}, {"pk": 9515, "model": "lizard_esf.areaconfiguration", "fields": {"comment": "-", "last_edit_by": "-", "area": 333, "manual": 0, "manual_value": null, "last_comment": "-", "configuration": 9, "last_edit_date": "2012-01-31 23:47:46"}}, {"pk": 9516, "model": "lizard_esf.areaconfiguration", "fields": {"comment": "-", "last_edit_by": "-", "area": 333, "manual": 0, "manual_value": null, "last_comment": "-", "configuration": 10, "last_edit_date": "2012-01-31 23:47:47"}}, {"pk": 9517, "model": "lizard_esf.areaconfiguration", "fields": {"comment": "-", "last_edit_by": "-", "area": 333, "manual": 0, "manual_value": null, "last_comment": "-", "configuration": 11, "last_edit_date": "2012-01-31 23:47:47"}}, {"pk": 9518, "model": "lizard_esf.areaconfiguration", "fields": {"comment": "-", "last_edit_by": "-", "area": 333, "manual": 0, "manual_value": null, "last_comment": "-", "configuration": 12, "last_edit_date": "2012-01-31 23:47:47"}}, {"pk": 9519, "model": "lizard_esf.areaconfiguration", "fields": {"comment": "-", "last_edit_by": "-", "area": 333, "manual": 0, "manual_value": null, "last_comment": "-", "configuration": 13, "last_edit_date": "2012-01-31 23:47:47"}}, {"pk": 9520, "model": "lizard_esf.areaconfiguration", "fields": {"comment": "-", "last_edit_by": "-", "area": 333, "manual": 0, "manual_value": null, "last_comment": "-", "configuration": 2, "last_edit_date": "2012-01-31 23:47:47"}}, {"pk": 9521, "model": "lizard_esf.areaconfiguration", "fields": {"comment": "-", "last_edit_by": "-", "area": 333, "manual": 0, "manual_value": null, "last_comment": "-", "configuration": 26, "last_edit_date": "2012-01-31 23:47:47"}}, {"pk": 9522, "model": "lizard_esf.areaconfiguration", "fields": {"comment": "-", "last_edit_by": "-", "area": 333, "manual": 0, "manual_value": null, "last_comment": "-", "configuration": 27, "last_edit_date": "2012-01-31 23:47:47"}}, {"pk": 9523, "model": "lizard_esf.areaconfiguration", "fields": {"comment": "-", "last_edit_by": "-", "area": 333, "manual": 0, "manual_value": null, "last_comment": "-", "configuration": 5, "last_edit_date": "2012-01-31 23:47:48"}}, {"pk": 9524, "model": "lizard_esf.areaconfiguration", "fields": {"comment": "-", "last_edit_by": "-", "area": 333, "manual": 0, "manual_value": null, "last_comment": "-", "configuration": 33, "last_edit_date": "2012-01-31 23:47:48"}}, {"pk": 9525, "model": "lizard_esf.areaconfiguration", "fields": {"comment": "-", "last_edit_by": "-", "area": 333, "manual": 0, "manual_value": null, "last_comment": "-", "configuration": 28, "last_edit_date": "2012-01-31 23:47:48"}}, {"pk": 9526, "model": "lizard_esf.areaconfiguration", "fields": {"comment": "-", "last_edit_by": "-", "area": 333, "manual": 0, "manual_value": null, "last_comment": "-", "configuration": 29, "last_edit_date": "2012-01-31 23:47:48"}}, {"pk": 9527, "model": "lizard_esf.areaconfiguration", "fields": {"comment": "-", "last_edit_by": "-", "area": 333, "manual": 0, "manual_value": null, "last_comment": "-", "configuration": 30, "last_edit_date": "2012-01-31 23:47:48"}}, {"pk": 9528, "model": "lizard_esf.areaconfiguration", "fields": {"comment": "-", "last_edit_by": "-", "area": 333, "manual": 0, "manual_value": null, "last_comment": "-", "configuration": 31, "last_edit_date": "2012-01-31 23:47:48"}}, {"pk": 9529, "model": "lizard_esf.areaconfiguration", "fields": {"comment": "-", "last_edit_by": "-", "area": 333, "manual": 0, "manual_value": null, "last_comment": "-", "configuration": 32, "last_edit_date": "2012-01-31 23:47:48"}}, {"pk": 9530, "model": "lizard_esf.areaconfiguration", "fields": {"comment": "-", "last_edit_by": "-", "area": 333, "manual": 0, "manual_value": null, "last_comment": "-", "configuration": 20, "last_edit_date": "2012-01-31 23:47:49"}}, {"pk": 9531, "model": "lizard_esf.areaconfiguration", "fields": {"comment": "-", "last_edit_by": "-", "area": 333, "manual": 0, "manual_value": null, "last_comment": "-", "configuration": 21, "last_edit_date": "2012-01-31 23:47:49"}}, {"pk": 9445, "model": "lizard_esf.areaconfiguration", "fields": {"comment": "-", "last_edit_by": "-", "area": 347, "manual": 0, "manual_value": null, "last_comment": "-", "configuration": 7, "last_edit_date": "2012-01-31 22:58:22"}}, {"pk": 9446, "model": "lizard_esf.areaconfiguration", "fields": {"comment": "-", "last_edit_by": "-", "area": 347, "manual": 0, "manual_value": null, "last_comment": "-", "configuration": 19, "last_edit_date": "2012-01-31 22:58:22"}}, {"pk": 9447, "model": "lizard_esf.areaconfiguration", "fields": {"comment": "-", "last_edit_by": "-", "area": 347, "manual": 0, "manual_value": null, "last_comment": "-", "configuration": 18, "last_edit_date": "2012-01-31 22:58:22"}}, {"pk": 9448, "model": "lizard_esf.areaconfiguration", "fields": {"comment": "-", "last_edit_by": "-", "area": 347, "manual": 0, "manual_value": null, "last_comment": "-", "configuration": 8, "last_edit_date": "2012-01-31 22:58:23"}}, {"pk": 9449, "model": "lizard_esf.areaconfiguration", "fields": {"comment": "-", "last_edit_by": "-", "area": 347, "manual": 0, "manual_value": null, "last_comment": "-", "configuration": 9, "last_edit_date": "2012-01-31 22:58:23"}}, {"pk": 9450, "model": "lizard_esf.areaconfiguration", "fields": {"comment": "-", "last_edit_by": "-", "area": 347, "manual": 0, "manual_value": null, "last_comment": "-", "configuration": 10, "last_edit_date": "2012-01-31 22:58:23"}}, {"pk": 9532, "model": "lizard_esf.areaconfiguration", "fields": {"comment": "-", "last_edit_by": "-", "area": 333, "manual": 0, "manual_value": null, "last_comment": "-", "configuration": 22, "last_edit_date": "2012-01-31 23:47:49"}}, {"pk": 9533, "model": "lizard_esf.areaconfiguration", "fields": {"comment": "-", "last_edit_by": "-", "area": 333, "manual": 0, "manual_value": null, "last_comment": "-", "configuration": 23, "last_edit_date": "2012-01-31 23:47:49"}}, {"pk": 9534, "model": "lizard_esf.areaconfiguration", "fields": {"comment": "-", "last_edit_by": "-", "area": 333, "manual": 0, "manual_value": null, "last_comment": "-", "configuration": 24, "last_edit_date": "2012-01-31 23:47:49"}}, {"pk": 9535, "model": "lizard_esf.areaconfiguration", "fields": {"comment": "-", "last_edit_by": "-", "area": 333, "manual": 0, "manual_value": null, "last_comment": "-", "configuration": 25, "last_edit_date": "2012-01-31 23:47:49"}}, {"pk": 9536, "model": "lizard_esf.areaconfiguration", "fields": {"comment": "-", "last_edit_by": "-", "area": 418, "manual": 0, "manual_value": null, "last_comment": "-", "configuration": 1, "last_edit_date": "2012-02-01 00:37:26"}}, {"pk": 9537, "model": "lizard_esf.areaconfiguration", "fields": {"comment": "-", "last_edit_by": "-", "area": 418, "manual": 0, "manual_value": null, "last_comment": "-", "configuration": 4, "last_edit_date": "2012-02-01 00:37:26"}}, {"pk": 9538, "model": "lizard_esf.areaconfiguration", "fields": {"comment": "-", "last_edit_by": "-", "area": 418, "manual": 0, "manual_value": null, "last_comment": "-", "configuration": 3, "last_edit_date": "2012-02-01 00:37:26"}}, {"pk": 9540, "model": "lizard_esf.areaconfiguration", "fields": {"comment": "-", "last_edit_by": "-", "area": 418, "manual": 0, "manual_value": null, "last_comment": "-", "configuration": 14, "last_edit_date": "2012-02-01 00:37:27"}}, {"pk": 9541, "model": "lizard_esf.areaconfiguration", "fields": {"comment": "-", "last_edit_by": "-", "area": 418, "manual": 0, "manual_value": null, "last_comment": "-", "configuration": 6, "last_edit_date": "2012-02-01 00:37:27"}}, {"pk": 9542, "model": "lizard_esf.areaconfiguration", "fields": {"comment": "-", "last_edit_by": "-", "area": 418, "manual": 0, "manual_value": null, "last_comment": "-", "configuration": 16, "last_edit_date": "2012-02-01 00:37:27"}}, {"pk": 9543, "model": "lizard_esf.areaconfiguration", "fields": {"comment": "-", "last_edit_by": "-", "area": 418, "manual": 0, "manual_value": null, "last_comment": "-", "configuration": 17, "last_edit_date": "2012-02-01 00:37:27"}}, {"pk": 9437, "model": "lizard_esf.areaconfiguration", "fields": {"comment": "-", "last_edit_by": "-", "area": 347, "manual": 0, "manual_value": null, "last_comment": "-", "configuration": 1, "last_edit_date": "2012-01-31 22:58:21"}}, {"pk": 9438, "model": "lizard_esf.areaconfiguration", "fields": {"comment": "-", "last_edit_by": "-", "area": 347, "manual": 0, "manual_value": null, "last_comment": "-", "configuration": 4, "last_edit_date": "2012-01-31 22:58:21"}}, {"pk": 9439, "model": "lizard_esf.areaconfiguration", "fields": {"comment": "-", "last_edit_by": "-", "area": 347, "manual": 0, "manual_value": null, "last_comment": "-", "configuration": 3, "last_edit_date": "2012-01-31 22:58:21"}}, {"pk": 9440, "model": "lizard_esf.areaconfiguration", "fields": {"comment": "-", "last_edit_by": "-", "area": 347, "manual": 0, "manual_value": null, "last_comment": "-", "configuration": 15, "last_edit_date": "2012-01-31 22:58:21"}}, {"pk": 9441, "model": "lizard_esf.areaconfiguration", "fields": {"comment": "-", "last_edit_by": "-", "area": 347, "manual": 0, "manual_value": null, "last_comment": "-", "configuration": 14, "last_edit_date": "2012-01-31 22:58:22"}}, {"pk": 9442, "model": "lizard_esf.areaconfiguration", "fields": {"comment": "-", "last_edit_by": "-", "area": 347, "manual": 0, "manual_value": null, "last_comment": "-", "configuration": 6, "last_edit_date": "2012-01-31 22:58:22"}}, {"pk": 9443, "model": "lizard_esf.areaconfiguration", "fields": {"comment": "-", "last_edit_by": "-", "area": 347, "manual": 0, "manual_value": null, "last_comment": "-", "configuration": 16, "last_edit_date": "2012-01-31 22:58:22"}}, {"pk": 9444, "model": "lizard_esf.areaconfiguration", "fields": {"comment": "-", "last_edit_by": "-", "area": 347, "manual": 0, "manual_value": null, "last_comment": "-", "configuration": 17, "last_edit_date": "2012-01-31 22:58:22"}}, {"pk": 9451, "model": "lizard_esf.areaconfiguration", "fields": {"comment": "-", "last_edit_by": "-", "area": 347, "manual": 0, "manual_value": null, "last_comment": "-", "configuration": 11, "last_edit_date": "2012-01-31 22:58:23"}}, {"pk": 9452, "model": "lizard_esf.areaconfiguration", "fields": {"comment": "-", "last_edit_by": "-", "area": 347, "manual": 0, "manual_value": null, "last_comment": "-", "configuration": 12, "last_edit_date": "2012-01-31 22:58:23"}}, {"pk": 9453, "model": "lizard_esf.areaconfiguration", "fields": {"comment": "-", "last_edit_by": "-", "area": 347, "manual": 0, "manual_value": null, "last_comment": "-", "configuration": 13, "last_edit_date": "2012-01-31 22:58:24"}}, {"pk": 9454, "model": "lizard_esf.areaconfiguration", "fields": {"comment": "-", "last_edit_by": "-", "area": 347, "manual": 0, "manual_value": null, "last_comment": "-", "configuration": 2, "last_edit_date": "2012-01-31 22:58:24"}}, {"pk": 9455, "model": "lizard_esf.areaconfiguration", "fields": {"comment": "-", "last_edit_by": "-", "area": 347, "manual": 0, "manual_value": null, "last_comment": "-", "configuration": 26, "last_edit_date": "2012-01-31 22:58:25"}}, {"pk": 9456, "model": "lizard_esf.areaconfiguration", "fields": {"comment": "-", "last_edit_by": "-", "area": 347, "manual": 0, "manual_value": null, "last_comment": "-", "configuration": 27, "last_edit_date": "2012-01-31 22:58:25"}}, {"pk": 9457, "model": "lizard_esf.areaconfiguration", "fields": {"comment": "-", "last_edit_by": "-", "area": 347, "manual": 0, "manual_value": null, "last_comment": "-", "configuration": 5, "last_edit_date": "2012-01-31 22:58:25"}}, {"pk": 9458, "model": "lizard_esf.areaconfiguration", "fields": {"comment": "-", "last_edit_by": "-", "area": 347, "manual": 0, "manual_value": null, "last_comment": "-", "configuration": 28, "last_edit_date": "2012-01-31 22:58:25"}}, {"pk": 9459, "model": "lizard_esf.areaconfiguration", "fields": {"comment": "-", "last_edit_by": "-", "area": 347, "manual": 0, "manual_value": null, "last_comment": "-", "configuration": 29, "last_edit_date": "2012-01-31 22:58:25"}}, {"pk": 9460, "model": "lizard_esf.areaconfiguration", "fields": {"comment": "-", "last_edit_by": "-", "area": 347, "manual": 0, "manual_value": null, "last_comment": "-", "configuration": 30, "last_edit_date": "2012-01-31 22:58:25"}}, {"pk": 9461, "model": "lizard_esf.areaconfiguration", "fields": {"comment": "-", "last_edit_by": "-", "area": 347, "manual": 0, "manual_value": null, "last_comment": "-", "configuration": 31, "last_edit_date": "2012-01-31 22:58:25"}}, {"pk": 9462, "model": "lizard_esf.areaconfiguration", "fields": {"comment": "-", "last_edit_by": "-", "area": 347, "manual": 0, "manual_value": null, "last_comment": "-", "configuration": 32, "last_edit_date": "2012-01-31 22:58:25"}}, {"pk": 9463, "model": "lizard_esf.areaconfiguration", "fields": {"comment": "-", "last_edit_by": "-", "area": 347, "manual": 0, "manual_value": null, "last_comment": "-", "configuration": 20, "last_edit_date": "2012-01-31 22:58:26"}}, {"pk": 9464, "model": "lizard_esf.areaconfiguration", "fields": {"comment": "-", "last_edit_by": "-", "area": 347, "manual": 0, "manual_value": null, "last_comment": "-", "configuration": 21, "last_edit_date": "2012-01-31 22:58:26"}}, {"pk": 9465, "model": "lizard_esf.areaconfiguration", "fields": {"comment": "-", "last_edit_by": "-", "area": 347, "manual": 0, "manual_value": null, "last_comment": "-", "configuration": 22, "last_edit_date": "2012-01-31 22:58:26"}}, {"pk": 9466, "model": "lizard_esf.areaconfiguration", "fields": {"comment": "-", "last_edit_by": "-", "area": 347, "manual": 0, "manual_value": null, "last_comment": "-", "configuration": 23, "last_edit_date": "2012-01-31 22:58:26"}}, {"pk": 9467, "model": "lizard_esf.areaconfiguration", "fields": {"comment": "-", "last_edit_by": "-", "area": 347, "manual": 0, "manual_value": null, "last_comment": "-", "configuration": 24, "last_edit_date": "2012-01-31 22:58:26"}}, {"pk": 9468, "model": "lizard_esf.areaconfiguration", "fields": {"comment": "-", "last_edit_by": "-", "area": 347, "manual": 0, "manual_value": null, "last_comment": "-", "configuration": 25, "last_edit_date": "2012-01-31 22:58:26"}}, {"pk": 9544, "model": "lizard_esf.areaconfiguration", "fields": {"comment": "-", "last_edit_by": "-", "area": 418, "manual": 0, "manual_value": null, "last_comment": "-", "configuration": 7, "last_edit_date": "2012-02-01 00:37:27"}}, {"pk": 9545, "model": "lizard_esf.areaconfiguration", "fields": {"comment": "-", "last_edit_by": "-", "area": 418, "manual": 0, "manual_value": null, "last_comment": "-", "configuration": 19, "last_edit_date": "2012-02-01 00:37:27"}}, {"pk": 9546, "model": "lizard_esf.areaconfiguration", "fields": {"comment": "-", "last_edit_by": "-", "area": 418, "manual": 0, "manual_value": null, "last_comment": "-", "configuration": 18, "last_edit_date": "2012-02-01 00:37:27"}}, {"pk": 9547, "model": "lizard_esf.areaconfiguration", "fields": {"comment": "-", "last_edit_by": "-", "area": 418, "manual": 0, "manual_value": null, "last_comment": "-", "configuration": 8, "last_edit_date": "2012-02-01 00:37:27"}}, {"pk": 9548, "model": "lizard_esf.areaconfiguration", "fields": {"comment": "-", "last_edit_by": "-", "area": 418, "manual": 0, "manual_value": null, "last_comment": "-", "configuration": 9, "last_edit_date": "2012-02-01 00:37:28"}}, {"pk": 9549, "model": "lizard_esf.areaconfiguration", "fields": {"comment": "-", "last_edit_by": "-", "area": 418, "manual": 0, "manual_value": null, "last_comment": "-", "configuration": 10, "last_edit_date": "2012-02-01 00:37:28"}}, {"pk": 9550, "model": "lizard_esf.areaconfiguration", "fields": {"comment": "-", "last_edit_by": "-", "area": 418, "manual": 0, "manual_value": null, "last_comment": "-", "configuration": 11, "last_edit_date": "2012-02-01 00:37:28"}}, {"pk": 9551, "model": "lizard_esf.areaconfiguration", "fields": {"comment": "-", "last_edit_by": "-", "area": 418, "manual": 0, "manual_value": null, "last_comment": "-", "configuration": 12, "last_edit_date": "2012-02-01 00:37:28"}}, {"pk": 9552, "model": "lizard_esf.areaconfiguration", "fields": {"comment": "-", "last_edit_by": "-", "area": 418, "manual": 0, "manual_value": null, "last_comment": "-", "configuration": 13, "last_edit_date": "2012-02-01 00:37:28"}}, {"pk": 9553, "model": "lizard_esf.areaconfiguration", "fields": {"comment": "-", "last_edit_by": "-", "area": 418, "manual": 0, "manual_value": null, "last_comment": "-", "configuration": 2, "last_edit_date": "2012-02-01 00:37:28"}}, {"pk": 9554, "model": "lizard_esf.areaconfiguration", "fields": {"comment": "-", "last_edit_by": "-", "area": 418, "manual": 0, "manual_value": null, "last_comment": "-", "configuration": 26, "last_edit_date": "2012-02-01 00:37:28"}}, {"pk": 9555, "model": "lizard_esf.areaconfiguration", "fields": {"comment": "-", "last_edit_by": "-", "area": 418, "manual": 0, "manual_value": null, "last_comment": "-", "configuration": 27, "last_edit_date": "2012-02-01 00:37:29"}}, {"pk": 9556, "model": "lizard_esf.areaconfiguration", "fields": {"comment": "-", "last_edit_by": "-", "area": 418, "manual": 0, "manual_value": null, "last_comment": "-", "configuration": 5, "last_edit_date": "2012-02-01 00:37:29"}}, {"pk": 9557, "model": "lizard_esf.areaconfiguration", "fields": {"comment": "-", "last_edit_by": "-", "area": 418, "manual": 0, "manual_value": null, "last_comment": "-", "configuration": 33, "last_edit_date": "2012-02-01 00:37:29"}}, {"pk": 9558, "model": "lizard_esf.areaconfiguration", "fields": {"comment": "-", "last_edit_by": "-", "area": 418, "manual": 0, "manual_value": null, "last_comment": "-", "configuration": 28, "last_edit_date": "2012-02-01 00:37:29"}}, {"pk": 9559, "model": "lizard_esf.areaconfiguration", "fields": {"comment": "-", "last_edit_by": "-", "area": 418, "manual": 0, "manual_value": null, "last_comment": "-", "configuration": 29, "last_edit_date": "2012-02-01 00:37:29"}}, {"pk": 9560, "model": "lizard_esf.areaconfiguration", "fields": {"comment": "-", "last_edit_by": "-", "area": 418, "manual": 0, "manual_value": null, "last_comment": "-", "configuration": 30, "last_edit_date": "2012-02-01 00:37:29"}}, {"pk": 9561, "model": "lizard_esf.areaconfiguration", "fields": {"comment": "-", "last_edit_by": "-", "area": 418, "manual": 0, "manual_value": null, "last_comment": "-", "configuration": 31, "last_edit_date": "2012-02-01 00:37:29"}}, {"pk": 9562, "model": "lizard_esf.areaconfiguration", "fields": {"comment": "-", "last_edit_by": "-", "area": 418, "manual": 0, "manual_value": null, "last_comment": "-", "configuration": 32, "last_edit_date": "2012-02-01 00:37:30"}}, {"pk": 9563, "model": "lizard_esf.areaconfiguration", "fields": {"comment": "-", "last_edit_by": "-", "area": 418, "manual": 0, "manual_value": null, "last_comment": "-", "configuration": 20, "last_edit_date": "2012-02-01 00:37:30"}}, {"pk": 9564, "model": "lizard_esf.areaconfiguration", "fields": {"comment": "-", "last_edit_by": "-", "area": 418, "manual": 0, "manual_value": null, "last_comment": "-", "configuration": 21, "last_edit_date": "2012-02-01 00:37:30"}}, {"pk": 9565, "model": "lizard_esf.areaconfiguration", "fields": {"comment": "-", "last_edit_by": "-", "area": 418, "manual": 0, "manual_value": null, "last_comment": "-", "configuration": 22, "last_edit_date": "2012-02-01 00:37:30"}}, {"pk": 9566, "model": "lizard_esf.areaconfiguration", "fields": {"comment": "-", "last_edit_by": "-", "area": 418, "manual": 0, "manual_value": null, "last_comment": "-", "configuration": 23, "last_edit_date": "2012-02-01 00:37:30"}}, {"pk": 9567, "model": "lizard_esf.areaconfiguration", "fields": {"comment": "-", "last_edit_by": "-", "area": 418, "manual": 0, "manual_value": null, "last_comment": "-", "configuration": 24, "last_edit_date": "2012-02-01 00:37:30"}}, {"pk": 9568, "model": "lizard_esf.areaconfiguration", "fields": {"comment": "-", "last_edit_by": "-", "area": 418, "manual": 0, "manual_value": null, "last_comment": "-", "configuration": 25, "last_edit_date": "2012-02-01 00:37:30"}}, {"pk": 9569, "model": "lizard_esf.areaconfiguration", "fields": {"comment": "-", "last_edit_by": "-", "area": 304, "manual": 0, "manual_value": null, "last_comment": "-", "configuration": 1, "last_edit_date": "2012-02-01 16:17:56"}}, {"pk": 9570, "model": "lizard_esf.areaconfiguration", "fields": {"comment": "-", "last_edit_by": "-", "area": 304, "manual": 0, "manual_value": null, "last_comment": "-", "configuration": 4, "last_edit_date": "2012-02-01 16:17:56"}}, {"pk": 9571, "model": "lizard_esf.areaconfiguration", "fields": {"comment": "-", "last_edit_by": "-", "area": 304, "manual": 0, "manual_value": null, "last_comment": "-", "configuration": 3, "last_edit_date": "2012-02-01 16:17:57"}}, {"pk": 9572, "model": "lizard_esf.areaconfiguration", "fields": {"comment": "-", "last_edit_by": "-", "area": 304, "manual": 0, "manual_value": null, "last_comment": "-", "configuration": 15, "last_edit_date": "2012-02-01 16:17:57"}}, {"pk": 9573, "model": "lizard_esf.areaconfiguration", "fields": {"comment": "-", "last_edit_by": "-", "area": 304, "manual": 0, "manual_value": null, "last_comment": "-", "configuration": 14, "last_edit_date": "2012-02-01 16:17:57"}}, {"pk": 9574, "model": "lizard_esf.areaconfiguration", "fields": {"comment": "-", "last_edit_by": "-", "area": 304, "manual": 0, "manual_value": null, "last_comment": "-", "configuration": 6, "last_edit_date": "2012-02-01 16:17:57"}}, {"pk": 9575, "model": "lizard_esf.areaconfiguration", "fields": {"comment": "-", "last_edit_by": "-", "area": 304, "manual": 0, "manual_value": null, "last_comment": "-", "configuration": 16, "last_edit_date": "2012-02-01 16:17:57"}}, {"pk": 9576, "model": "lizard_esf.areaconfiguration", "fields": {"comment": "-", "last_edit_by": "-", "area": 304, "manual": 0, "manual_value": null, "last_comment": "-", "configuration": 17, "last_edit_date": "2012-02-01 16:17:57"}}, {"pk": 9577, "model": "lizard_esf.areaconfiguration", "fields": {"comment": "-", "last_edit_by": "-", "area": 304, "manual": 0, "manual_value": null, "last_comment": "-", "configuration": 7, "last_edit_date": "2012-02-01 16:17:57"}}, {"pk": 9578, "model": "lizard_esf.areaconfiguration", "fields": {"comment": "-", "last_edit_by": "-", "area": 304, "manual": 0, "manual_value": null, "last_comment": "-", "configuration": 19, "last_edit_date": "2012-02-01 16:17:58"}}, {"pk": 9579, "model": "lizard_esf.areaconfiguration", "fields": {"comment": "-", "last_edit_by": "-", "area": 304, "manual": 0, "manual_value": null, "last_comment": "-", "configuration": 18, "last_edit_date": "2012-02-01 16:17:58"}}, {"pk": 9580, "model": "lizard_esf.areaconfiguration", "fields": {"comment": "-", "last_edit_by": "-", "area": 304, "manual": 0, "manual_value": null, "last_comment": "-", "configuration": 8, "last_edit_date": "2012-02-01 16:17:58"}}, {"pk": 9581, "model": "lizard_esf.areaconfiguration", "fields": {"comment": "-", "last_edit_by": "-", "area": 304, "manual": 0, "manual_value": null, "last_comment": "-", "configuration": 9, "last_edit_date": "2012-02-01 16:17:58"}}, {"pk": 9582, "model": "lizard_esf.areaconfiguration", "fields": {"comment": "-", "last_edit_by": "-", "area": 304, "manual": 0, "manual_value": null, "last_comment": "-", "configuration": 10, "last_edit_date": "2012-02-01 16:17:58"}}, {"pk": 9583, "model": "lizard_esf.areaconfiguration", "fields": {"comment": "-", "last_edit_by": "-", "area": 304, "manual": 0, "manual_value": null, "last_comment": "-", "configuration": 11, "last_edit_date": "2012-02-01 16:17:58"}}, {"pk": 9584, "model": "lizard_esf.areaconfiguration", "fields": {"comment": "-", "last_edit_by": "-", "area": 304, "manual": 0, "manual_value": null, "last_comment": "-", "configuration": 12, "last_edit_date": "2012-02-01 16:17:58"}}, {"pk": 9585, "model": "lizard_esf.areaconfiguration", "fields": {"comment": "-", "last_edit_by": "-", "area": 304, "manual": 0, "manual_value": null, "last_comment": "-", "configuration": 13, "last_edit_date": "2012-02-01 16:17:59"}}, {"pk": 9586, "model": "lizard_esf.areaconfiguration", "fields": {"comment": "-", "last_edit_by": "-", "area": 304, "manual": 0, "manual_value": null, "last_comment": "-", "configuration": 2, "last_edit_date": "2012-02-01 16:17:59"}}, {"pk": 9587, "model": "lizard_esf.areaconfiguration", "fields": {"comment": "-", "last_edit_by": "-", "area": 304, "manual": 0, "manual_value": null, "last_comment": "-", "configuration": 26, "last_edit_date": "2012-02-01 16:17:59"}}, {"pk": 9588, "model": "lizard_esf.areaconfiguration", "fields": {"comment": "-", "last_edit_by": "-", "area": 304, "manual": 0, "manual_value": null, "last_comment": "-", "configuration": 27, "last_edit_date": "2012-02-01 16:17:59"}}, {"pk": 9589, "model": "lizard_esf.areaconfiguration", "fields": {"comment": "-", "last_edit_by": "-", "area": 304, "manual": 0, "manual_value": null, "last_comment": "-", "configuration": 5, "last_edit_date": "2012-02-01 16:17:59"}}, {"pk": 9590, "model": "lizard_esf.areaconfiguration", "fields": {"comment": "-", "last_edit_by": "-", "area": 304, "manual": 0, "manual_value": null, "last_comment": "-", "configuration": 33, "last_edit_date": "2012-02-01 16:18:00"}}, {"pk": 9591, "model": "lizard_esf.areaconfiguration", "fields": {"comment": "-", "last_edit_by": "-", "area": 304, "manual": 0, "manual_value": null, "last_comment": "-", "configuration": 28, "last_edit_date": "2012-02-01 16:18:00"}}, {"pk": 9592, "model": "lizard_esf.areaconfiguration", "fields": {"comment": "-", "last_edit_by": "-", "area": 304, "manual": 0, "manual_value": null, "last_comment": "-", "configuration": 29, "last_edit_date": "2012-02-01 16:18:00"}}, {"pk": 9593, "model": "lizard_esf.areaconfiguration", "fields": {"comment": "-", "last_edit_by": "-", "area": 304, "manual": 0, "manual_value": null, "last_comment": "-", "configuration": 30, "last_edit_date": "2012-02-01 16:18:00"}}, {"pk": 9594, "model": "lizard_esf.areaconfiguration", "fields": {"comment": "-", "last_edit_by": "-", "area": 304, "manual": 0, "manual_value": null, "last_comment": "-", "configuration": 31, "last_edit_date": "2012-02-01 16:18:00"}}, {"pk": 9595, "model": "lizard_esf.areaconfiguration", "fields": {"comment": "-", "last_edit_by": "-", "area": 304, "manual": 0, "manual_value": null, "last_comment": "-", "configuration": 32, "last_edit_date": "2012-02-01 16:18:01"}}, {"pk": 9596, "model": "lizard_esf.areaconfiguration", "fields": {"comment": "-", "last_edit_by": "-", "area": 304, "manual": 0, "manual_value": null, "last_comment": "-", "configuration": 20, "last_edit_date": "2012-02-01 16:18:01"}}, {"pk": 9597, "model": "lizard_esf.areaconfiguration", "fields": {"comment": "-", "last_edit_by": "-", "area": 304, "manual": 0, "manual_value": null, "last_comment": "-", "configuration": 21, "last_edit_date": "2012-02-01 16:18:01"}}, {"pk": 9598, "model": "lizard_esf.areaconfiguration", "fields": {"comment": "-", "last_edit_by": "-", "area": 304, "manual": 0, "manual_value": null, "last_comment": "-", "configuration": 22, "last_edit_date": "2012-02-01 16:18:01"}}, {"pk": 9599, "model": "lizard_esf.areaconfiguration", "fields": {"comment": "-", "last_edit_by": "-", "area": 304, "manual": 0, "manual_value": null, "last_comment": "-", "configuration": 23, "last_edit_date": "2012-02-01 16:18:01"}}, {"pk": 9600, "model": "lizard_esf.areaconfiguration", "fields": {"comment": "-", "last_edit_by": "-", "area": 304, "manual": 0, "manual_value": null, "last_comment": "-", "configuration": 24, "last_edit_date": "2012-02-01 16:18:02"}}, {"pk": 9601, "model": "lizard_esf.areaconfiguration", "fields": {"comment": "-", "last_edit_by": "-", "area": 304, "manual": 0, "manual_value": null, "last_comment": "-", "configuration": 25, "last_edit_date": "2012-02-01 16:18:02"}}, {"pk": 9602, "model": "lizard_esf.areaconfiguration", "fields": {"comment": "-", "last_edit_by": "-", "area": 420, "manual": 0, "manual_value": null, "last_comment": "-", "configuration": 1, "last_edit_date": "2012-02-07 09:25:56"}}, {"pk": 9603, "model": "lizard_esf.areaconfiguration", "fields": {"comment": "-", "last_edit_by": "-", "area": 420, "manual": 0, "manual_value": null, "last_comment": "-", "configuration": 4, "last_edit_date": "2012-02-07 09:25:58"}}, {"pk": 9604, "model": "lizard_esf.areaconfiguration", "fields": {"comment": "-", "last_edit_by": "-", "area": 420, "manual": 0, "manual_value": null, "last_comment": "-", "configuration": 3, "last_edit_date": "2012-02-07 09:25:58"}}, {"pk": 9605, "model": "lizard_esf.areaconfiguration", "fields": {"comment": "-", "last_edit_by": "-", "area": 420, "manual": 0, "manual_value": null, "last_comment": "-", "configuration": 15, "last_edit_date": "2012-02-07 09:25:58"}}, {"pk": 9606, "model": "lizard_esf.areaconfiguration", "fields": {"comment": "-", "last_edit_by": "-", "area": 420, "manual": 0, "manual_value": null, "last_comment": "-", "configuration": 14, "last_edit_date": "2012-02-07 09:25:58"}}, {"pk": 9607, "model": "lizard_esf.areaconfiguration", "fields": {"comment": "-", "last_edit_by": "-", "area": 420, "manual": 0, "manual_value": null, "last_comment": "-", "configuration": 6, "last_edit_date": "2012-02-07 09:25:58"}}, {"pk": 9608, "model": "lizard_esf.areaconfiguration", "fields": {"comment": "-", "last_edit_by": "-", "area": 420, "manual": 0, "manual_value": null, "last_comment": "-", "configuration": 16, "last_edit_date": "2012-02-07 09:25:59"}}, {"pk": 9609, "model": "lizard_esf.areaconfiguration", "fields": {"comment": "-", "last_edit_by": "-", "area": 420, "manual": 0, "manual_value": null, "last_comment": "-", "configuration": 17, "last_edit_date": "2012-02-07 09:25:59"}}, {"pk": 9610, "model": "lizard_esf.areaconfiguration", "fields": {"comment": "-", "last_edit_by": "-", "area": 420, "manual": 0, "manual_value": null, "last_comment": "-", "configuration": 7, "last_edit_date": "2012-02-07 09:25:59"}}, {"pk": 9611, "model": "lizard_esf.areaconfiguration", "fields": {"comment": "-", "last_edit_by": "-", "area": 420, "manual": 0, "manual_value": null, "last_comment": "-", "configuration": 19, "last_edit_date": "2012-02-07 09:25:59"}}, {"pk": 9612, "model": "lizard_esf.areaconfiguration", "fields": {"comment": "-", "last_edit_by": "-", "area": 420, "manual": 0, "manual_value": null, "last_comment": "-", "configuration": 18, "last_edit_date": "2012-02-07 09:25:59"}}, {"pk": 9613, "model": "lizard_esf.areaconfiguration", "fields": {"comment": "-", "last_edit_by": "-", "area": 420, "manual": 0, "manual_value": null, "last_comment": "-", "configuration": 8, "last_edit_date": "2012-02-07 09:25:59"}}, {"pk": 9614, "model": "lizard_esf.areaconfiguration", "fields": {"comment": "-", "last_edit_by": "-", "area": 420, "manual": 0, "manual_value": null, "last_comment": "-", "configuration": 9, "last_edit_date": "2012-02-07 09:25:59"}}, {"pk": 9615, "model": "lizard_esf.areaconfiguration", "fields": {"comment": "-", "last_edit_by": "-", "area": 420, "manual": 0, "manual_value": null, "last_comment": "-", "configuration": 10, "last_edit_date": "2012-02-07 09:25:59"}}, {"pk": 9616, "model": "lizard_esf.areaconfiguration", "fields": {"comment": "-", "last_edit_by": "-", "area": 420, "manual": 0, "manual_value": null, "last_comment": "-", "configuration": 11, "last_edit_date": "2012-02-07 09:26:00"}}, {"pk": 9617, "model": "lizard_esf.areaconfiguration", "fields": {"comment": "-", "last_edit_by": "-", "area": 420, "manual": 0, "manual_value": null, "last_comment": "-", "configuration": 12, "last_edit_date": "2012-02-07 09:26:00"}}, {"pk": 9618, "model": "lizard_esf.areaconfiguration", "fields": {"comment": "-", "last_edit_by": "-", "area": 420, "manual": 0, "manual_value": null, "last_comment": "-", "configuration": 13, "last_edit_date": "2012-02-07 09:26:00"}}, {"pk": 9619, "model": "lizard_esf.areaconfiguration", "fields": {"comment": "-", "last_edit_by": "-", "area": 420, "manual": 0, "manual_value": null, "last_comment": "-", "configuration": 2, "last_edit_date": "2012-02-07 09:26:00"}}, {"pk": 9620, "model": "lizard_esf.areaconfiguration", "fields": {"comment": "-", "last_edit_by": "-", "area": 420, "manual": 0, "manual_value": null, "last_comment": "-", "configuration": 26, "last_edit_date": "2012-02-07 09:26:00"}}, {"pk": 9621, "model": "lizard_esf.areaconfiguration", "fields": {"comment": "-", "last_edit_by": "-", "area": 420, "manual": 0, "manual_value": null, "last_comment": "-", "configuration": 27, "last_edit_date": "2012-02-07 09:26:00"}}, {"pk": 9622, "model": "lizard_esf.areaconfiguration", "fields": {"comment": "-", "last_edit_by": "-", "area": 420, "manual": 0, "manual_value": null, "last_comment": "-", "configuration": 5, "last_edit_date": "2012-02-07 09:26:00"}}, {"pk": 9623, "model": "lizard_esf.areaconfiguration", "fields": {"comment": "-", "last_edit_by": "-", "area": 420, "manual": 0, "manual_value": null, "last_comment": "-", "configuration": 33, "last_edit_date": "2012-02-07 09:26:01"}}, {"pk": 9624, "model": "lizard_esf.areaconfiguration", "fields": {"comment": "-", "last_edit_by": "-", "area": 420, "manual": 0, "manual_value": null, "last_comment": "-", "configuration": 28, "last_edit_date": "2012-02-07 09:26:01"}}, {"pk": 9625, "model": "lizard_esf.areaconfiguration", "fields": {"comment": "-", "last_edit_by": "-", "area": 420, "manual": 0, "manual_value": null, "last_comment": "-", "configuration": 29, "last_edit_date": "2012-02-07 09:26:01"}}, {"pk": 9626, "model": "lizard_esf.areaconfiguration", "fields": {"comment": "-", "last_edit_by": "-", "area": 420, "manual": 0, "manual_value": null, "last_comment": "-", "configuration": 30, "last_edit_date": "2012-02-07 09:26:01"}}, {"pk": 9627, "model": "lizard_esf.areaconfiguration", "fields": {"comment": "-", "last_edit_by": "-", "area": 420, "manual": 0, "manual_value": null, "last_comment": "-", "configuration": 31, "last_edit_date": "2012-02-07 09:26:01"}}, {"pk": 9628, "model": "lizard_esf.areaconfiguration", "fields": {"comment": "-", "last_edit_by": "-", "area": 420, "manual": 0, "manual_value": null, "last_comment": "-", "configuration": 32, "last_edit_date": "2012-02-07 09:26:01"}}, {"pk": 9629, "model": "lizard_esf.areaconfiguration", "fields": {"comment": "-", "last_edit_by": "-", "area": 420, "manual": 0, "manual_value": null, "last_comment": "-", "configuration": 20, "last_edit_date": "2012-02-07 09:26:01"}}, {"pk": 9630, "model": "lizard_esf.areaconfiguration", "fields": {"comment": "-", "last_edit_by": "-", "area": 420, "manual": 0, "manual_value": null, "last_comment": "-", "configuration": 21, "last_edit_date": "2012-02-07 09:26:01"}}, {"pk": 9631, "model": "lizard_esf.areaconfiguration", "fields": {"comment": "-", "last_edit_by": "-", "area": 420, "manual": 0, "manual_value": null, "last_comment": "-", "configuration": 22, "last_edit_date": "2012-02-07 09:26:02"}}, {"pk": 9632, "model": "lizard_esf.areaconfiguration", "fields": {"comment": "-", "last_edit_by": "-", "area": 420, "manual": 0, "manual_value": null, "last_comment": "-", "configuration": 23, "last_edit_date": "2012-02-07 09:26:02"}}, {"pk": 9633, "model": "lizard_esf.areaconfiguration", "fields": {"comment": "-", "last_edit_by": "-", "area": 420, "manual": 0, "manual_value": null, "last_comment": "-", "configuration": 24, "last_edit_date": "2012-02-07 09:26:02"}}, {"pk": 9634, "model": "lizard_esf.areaconfiguration", "fields": {"comment": "-", "last_edit_by": "-", "area": 420, "manual": 0, "manual_value": null, "last_comment": "-", "configuration": 25, "last_edit_date": "2012-02-07 09:26:02"}}, {"pk": 9539, "model": "lizard_esf.areaconfiguration", "fields": {"comment": "-", "last_edit_by": "-", "area": 418, "manual": 0, "manual_value": 7.0, "last_comment": "-", "configuration": 15, "last_edit_date": "2012-02-07 16:44:02"}}, {"pk": 9635, "model": "lizard_esf.areaconfiguration", "fields": {"comment": "-", "last_edit_by": "-", "area": 154, "manual": 0, "manual_value": null, "last_comment": "-", "configuration": 1, "last_edit_date": "2012-02-07 17:42:42"}}, {"pk": 9636, "model": "lizard_esf.areaconfiguration", "fields": {"comment": "-", "last_edit_by": "-", "area": 154, "manual": 0, "manual_value": null, "last_comment": "-", "configuration": 4, "last_edit_date": "2012-02-07 17:42:42"}}, {"pk": 9637, "model": "lizard_esf.areaconfiguration", "fields": {"comment": "-", "last_edit_by": "-", "area": 154, "manual": 0, "manual_value": null, "last_comment": "-", "configuration": 3, "last_edit_date": "2012-02-07 17:42:42"}}, {"pk": 9638, "model": "lizard_esf.areaconfiguration", "fields": {"comment": "-", "last_edit_by": "-", "area": 154, "manual": 0, "manual_value": null, "last_comment": "-", "configuration": 15, "last_edit_date": "2012-02-07 17:42:42"}}, {"pk": 9639, "model": "lizard_esf.areaconfiguration", "fields": {"comment": "-", "last_edit_by": "-", "area": 154, "manual": 0, "manual_value": null, "last_comment": "-", "configuration": 14, "last_edit_date": "2012-02-07 17:42:42"}}, {"pk": 9640, "model": "lizard_esf.areaconfiguration", "fields": {"comment": "-", "last_edit_by": "-", "area": 154, "manual": 0, "manual_value": null, "last_comment": "-", "configuration": 6, "last_edit_date": "2012-02-07 17:42:43"}}, {"pk": 9641, "model": "lizard_esf.areaconfiguration", "fields": {"comment": "-", "last_edit_by": "-", "area": 154, "manual": 0, "manual_value": null, "last_comment": "-", "configuration": 16, "last_edit_date": "2012-02-07 17:42:43"}}, {"pk": 9642, "model": "lizard_esf.areaconfiguration", "fields": {"comment": "-", "last_edit_by": "-", "area": 154, "manual": 0, "manual_value": null, "last_comment": "-", "configuration": 17, "last_edit_date": "2012-02-07 17:42:43"}}, {"pk": 9643, "model": "lizard_esf.areaconfiguration", "fields": {"comment": "-", "last_edit_by": "-", "area": 154, "manual": 0, "manual_value": null, "last_comment": "-", "configuration": 7, "last_edit_date": "2012-02-07 17:42:43"}}, {"pk": 9644, "model": "lizard_esf.areaconfiguration", "fields": {"comment": "-", "last_edit_by": "-", "area": 154, "manual": 0, "manual_value": null, "last_comment": "-", "configuration": 19, "last_edit_date": "2012-02-07 17:42:43"}}, {"pk": 9645, "model": "lizard_esf.areaconfiguration", "fields": {"comment": "-", "last_edit_by": "-", "area": 154, "manual": 0, "manual_value": null, "last_comment": "-", "configuration": 18, "last_edit_date": "2012-02-07 17:42:43"}}, {"pk": 9646, "model": "lizard_esf.areaconfiguration", "fields": {"comment": "-", "last_edit_by": "-", "area": 154, "manual": 0, "manual_value": null, "last_comment": "-", "configuration": 8, "last_edit_date": "2012-02-07 17:42:43"}}, {"pk": 9647, "model": "lizard_esf.areaconfiguration", "fields": {"comment": "-", "last_edit_by": "-", "area": 154, "manual": 0, "manual_value": null, "last_comment": "-", "configuration": 9, "last_edit_date": "2012-02-07 17:42:43"}}, {"pk": 9648, "model": "lizard_esf.areaconfiguration", "fields": {"comment": "-", "last_edit_by": "-", "area": 154, "manual": 0, "manual_value": null, "last_comment": "-", "configuration": 10, "last_edit_date": "2012-02-07 17:42:43"}}, {"pk": 9649, "model": "lizard_esf.areaconfiguration", "fields": {"comment": "-", "last_edit_by": "-", "area": 154, "manual": 0, "manual_value": null, "last_comment": "-", "configuration": 11, "last_edit_date": "2012-02-07 17:42:44"}}, {"pk": 9650, "model": "lizard_esf.areaconfiguration", "fields": {"comment": "-", "last_edit_by": "-", "area": 154, "manual": 0, "manual_value": null, "last_comment": "-", "configuration": 12, "last_edit_date": "2012-02-07 17:42:44"}}, {"pk": 9651, "model": "lizard_esf.areaconfiguration", "fields": {"comment": "-", "last_edit_by": "-", "area": 154, "manual": 0, "manual_value": null, "last_comment": "-", "configuration": 13, "last_edit_date": "2012-02-07 17:42:44"}}, {"pk": 9652, "model": "lizard_esf.areaconfiguration", "fields": {"comment": "-", "last_edit_by": "-", "area": 154, "manual": 0, "manual_value": null, "last_comment": "-", "configuration": 2, "last_edit_date": "2012-02-07 17:42:44"}}, {"pk": 9653, "model": "lizard_esf.areaconfiguration", "fields": {"comment": "-", "last_edit_by": "-", "area": 154, "manual": 0, "manual_value": null, "last_comment": "-", "configuration": 26, "last_edit_date": "2012-02-07 17:42:44"}}, {"pk": 9654, "model": "lizard_esf.areaconfiguration", "fields": {"comment": "-", "last_edit_by": "-", "area": 154, "manual": 0, "manual_value": null, "last_comment": "-", "configuration": 27, "last_edit_date": "2012-02-07 17:42:44"}}, {"pk": 9655, "model": "lizard_esf.areaconfiguration", "fields": {"comment": "-", "last_edit_by": "-", "area": 154, "manual": 0, "manual_value": null, "last_comment": "-", "configuration": 5, "last_edit_date": "2012-02-07 17:42:44"}}, {"pk": 9656, "model": "lizard_esf.areaconfiguration", "fields": {"comment": "-", "last_edit_by": "-", "area": 154, "manual": 0, "manual_value": null, "last_comment": "-", "configuration": 33, "last_edit_date": "2012-02-07 17:42:44"}}, {"pk": 9657, "model": "lizard_esf.areaconfiguration", "fields": {"comment": "-", "last_edit_by": "-", "area": 154, "manual": 0, "manual_value": null, "last_comment": "-", "configuration": 28, "last_edit_date": "2012-02-07 17:42:45"}}, {"pk": 9658, "model": "lizard_esf.areaconfiguration", "fields": {"comment": "-", "last_edit_by": "-", "area": 154, "manual": 0, "manual_value": null, "last_comment": "-", "configuration": 29, "last_edit_date": "2012-02-07 17:42:45"}}, {"pk": 9659, "model": "lizard_esf.areaconfiguration", "fields": {"comment": "-", "last_edit_by": "-", "area": 154, "manual": 0, "manual_value": null, "last_comment": "-", "configuration": 30, "last_edit_date": "2012-02-07 17:42:45"}}, {"pk": 9660, "model": "lizard_esf.areaconfiguration", "fields": {"comment": "-", "last_edit_by": "-", "area": 154, "manual": 0, "manual_value": null, "last_comment": "-", "configuration": 31, "last_edit_date": "2012-02-07 17:42:45"}}, {"pk": 9661, "model": "lizard_esf.areaconfiguration", "fields": {"comment": "-", "last_edit_by": "-", "area": 154, "manual": 0, "manual_value": null, "last_comment": "-", "configuration": 32, "last_edit_date": "2012-02-07 17:42:45"}}, {"pk": 9662, "model": "lizard_esf.areaconfiguration", "fields": {"comment": "-", "last_edit_by": "-", "area": 154, "manual": 0, "manual_value": null, "last_comment": "-", "configuration": 20, "last_edit_date": "2012-02-07 17:42:45"}}, {"pk": 9663, "model": "lizard_esf.areaconfiguration", "fields": {"comment": "-", "last_edit_by": "-", "area": 154, "manual": 0, "manual_value": null, "last_comment": "-", "configuration": 21, "last_edit_date": "2012-02-07 17:42:46"}}, {"pk": 9664, "model": "lizard_esf.areaconfiguration", "fields": {"comment": "-", "last_edit_by": "-", "area": 154, "manual": 0, "manual_value": null, "last_comment": "-", "configuration": 22, "last_edit_date": "2012-02-07 17:42:46"}}, {"pk": 9665, "model": "lizard_esf.areaconfiguration", "fields": {"comment": "-", "last_edit_by": "-", "area": 154, "manual": 0, "manual_value": null, "last_comment": "-", "configuration": 23, "last_edit_date": "2012-02-07 17:42:46"}}, {"pk": 9666, "model": "lizard_esf.areaconfiguration", "fields": {"comment": "-", "last_edit_by": "-", "area": 154, "manual": 0, "manual_value": null, "last_comment": "-", "configuration": 24, "last_edit_date": "2012-02-07 17:42:46"}}, {"pk": 9667, "model": "lizard_esf.areaconfiguration", "fields": {"comment": "-", "last_edit_by": "-", "area": 154, "manual": 0, "manual_value": null, "last_comment": "-", "configuration": 25, "last_edit_date": "2012-02-07 17:42:46"}}]